{
    "name": "防御力",
    "icon": "minecraft:iron_chestplate",
    "category": "apotheosis:adventure/attributes",
	"flag": "apotheosis:adventure",
	"sortnum": 0,
    "pages": [
        {
            "type": "patchouli:text",
            "text": "$(9)防御力$()は、物理的なダメージに対する耐性を示す値です。$(p)通常、防具アイテムや 盾によって与えられます。$(p)どれだけのダメージを受けるかは、受ける攻撃力と防御力の関係になります。"
        },
		{
			"type": "patchouli:text",
			"text": "式の最初の要素は$(br)A値で、$(9)10+(ダメージ-20)/2$()に等しく、最小値は$(9)10$()です。$(p)その後、$(br)$(9)A / (A+防御力)$()分のダメージを軽減します。$(p)前述した数式はバニラのMinecraftで使用されているものではなく、Apotheosisが置き換えています。"
		},
		{
			"type": "patchouli:text",
			"text": "バニラの鎧とダメージ値の場合、受けるダメージがわずかに少なくなります。$(p)防御力と攻撃力が高い場合、防具の効果は大幅に低下します。"
		},
		{
			"type": "patchouli:text",
			"text": "この変更の狙いは、高レベル時の無敵を弱体化し、$(9)ダメージ軽減$()と$(9)耐性$()をより重要なものにすることです。$(p)また、お互いが重装甲で戦う場合、より激しい戦いになります。"
		}
	]
}