{
    "name": "クリティカルダメージ",
    "icon": "minecraft:netherite_axe",
    "category": "apotheosis:adventure/attributes",
	"flag": "apotheosis:adventure",
	"sortnum": 0,
    "pages": [
        {
            "type": "patchouli:text",
            "text": "$(9)クリティカルダメージ$()はクリティカル攻撃のダメージ補正値です。$(p)ジャンプによるクリティカルダメージも、通常の1.5倍の倍率ではなく、クリティカルダメージの値を使用します。"
        }
	]
}