{
    "name": "クリティカルチャンス",
    "icon": "minecraft:netherite_sword",
    "category": "apotheosis:adventure/attributes",
	"flag": "apotheosis:adventure",
	"sortnum": 0,
    "pages": [
        {
            "type": "patchouli:text",
            "text": "$(9)クリティカルチャンス$()は、与えたダメージがクリティカルになる可能性です。$()は、与えたダメージがクリティカルになる可能性です。 100%以上の値であれば、多重クリティカルが可能になります。"
        },
		{
			"type": "patchouli:text",
			"text": "クリティカルが与えるダメージ量は$(l:apotheosis:adventure/attributes/crit_damage)クリティカルダメージ$()に依存します。"
		}
	]
}