{
    "name": "火属性ダメージ",
    "icon": "minecraft:blaze_powder",
    "category": "apotheosis:adventure/attributes",
	"flag": "apotheosis:adventure",
	"sortnum": 0,
    "pages": [
        {
            "type": "patchouli:text",
            "text": "$(9)火属性ダメージ$()は近接攻撃に追加されるボーナス魔法ダメージです。 さらに、対象を短時間炎上させます。ダメージが高いほど、炎上時間が長くなります。$(p)近接武器で見つかります。"
        }
	]
}