{
    "name": "ノックバック耐性",
    "icon": "minecraft:shulker_shell",
    "category": "apotheosis:adventure/attributes",
	"flag": "apotheosis:adventure",
	"sortnum": 0,
    "pages": [
        {
            "type": "patchouli:text",
            "text": "$(9)ノックバック耐性$()は、攻撃を受けてもノックバックしにくくなる耐性を表します。 最大値になると、ノックバックに対する免疫ができます。$(p)通常、防具や盾によって与えられます。"
        }
	]
}