{
    "name": "運",
    "icon": "minecraft:rabbit_foot",
    "category": "apotheosis:adventure/attributes",
	"flag": "apotheosis:adventure",
	"sortnum": 0,
    "pages": [
        {
            "type": "patchouli:text",
            "text": "$(9)運$() はあなたを幸運にします!  つまり、より良い戦利品がドロップされる可能性が高まります。$(p)あらゆるものが幸運を招きます。"
        },
		{
			"type": "patchouli:text",
			"text": "運が悪いと、良い戦利品を手に入れるのがさらに難しくなります。"
		}
	]
}