{
    "name": "リーチ距離",
    "icon": "minecraft:iron_pickaxe",
    "category": "apotheosis:adventure/attributes",
	"flag": "apotheosis:adventure",
	"sortnum": 0,
    "pages": [
        {
            "type": "patchouli:text",
            "text": "$(9)リーチ距離$()は、オブジェクトに到達できる最大距離を表します。 オブジェクトに手が届くようになると、それを操作したりブロックなら破壊することができる。$(p)武器には役に立たないため、通常はブロックを壊す道具に付いています。 "
        }
	]
}