{
    "name": "ポーションチャーム",
    "icon": "apotheosis:potion_charm",
    "category": "apotheosis:potion/charms",
	"flag": "apotheosis:potion",
	"sortnum": -1,
    "pages": [
        {
            "type": "patchouli:text",
            "text": "$(9)ポーションチャーム$()は、ポーションを最大限に活用するのに役立つ新しいアイテムです。$(p)通常のポーションでは、飲んで効果全体を一度に使用する必要がありますが、$(9)ポーションチャーム$()を使用すると、時間をずらすことができます。"
        },
		{
            "type": "patchouli:crafting",
			"recipe": "apotheosis:potion_charm",
			"title": "ポーションチャームの作成",
            "text": "チャームは、同種類の3つのポーションとブレイズパウダーから作られます。$(p)1つのチャームは、3つのポーションを組み合わせたよりも長く持続します。"
        },
		{
            "type": "patchouli:text",
			"title": "ポーションチャームの使用",
            "text": "$(9)ポーションチャーム$()は、有効時にのみアクティブになります。$(p)チャームを有効にするには、チャームを持って右クリックします。$(p)有効になっているチャームは光り始めます。"
        },
		{
            "type": "patchouli:text",
            "text": "チャームがアクティブであり、インベントリにある限り、耐久値を消費してポーションを適用します。$(p)チャームは一度に数秒間だけポーションを適用します。$(p)チャームの耐久値がなくなると壊れます。"
        }
	]
}