{
    "name": "スポナーモディファイア",
    "icon": "minecraft:clock",
    "category": "apotheosis:spawner/spawner",
	"flag": "apotheosis:spawner",
	"sortnum": 1,
    "pages": [
        {
            "type": "patchouli:text",
            "text": " $(l:apotheosis:spawner/stats)スポーナーステータス$()について読んだ後、どうやって変更するのか疑問に思うかもしれません。$(p)スポナーを編集するためのシステム、$(9)スポナーモディファイア$()の登場です。$(p)モディファイアは最大2つの項目で構成され、スポナーのステータスに特定の変化をもたらします。"
        },
		{
            "type": "patchouli:text",
			"title": "修飾子の表示",
            "text": "JEIでは、すべての修飾子が表示されます。$(p)$(9)Mobスポナー$()の使用法とレシピ、またはモディファイアアイテムの使用法の両方を参照することでアクセスできます。$(p)そこにはツールチップがたくさんあるので、よく見てください。"
        },
		{
            "type": "patchouli:text",
			"title": "表記",
            "text": "JEIでは、ステータスの変化は以下と表示されます。$(br)$(9)+/- Xステータス$()。$(p)一部の統計には数値がないため、以下と表示されます。$(9)+/-ステータス$()$(p)ツールチップでは、有効にしない限り、数値以外の統計は表示されません。"
        },
		{
            "type": "patchouli:text",
			"title": "モディファイアキャップ",
            "text": "特定のモディファイアは、特定の値を超えてステータスを増減させることはできません。$(p)これらはJEIの特定の統計のツールチップに記載されます。$(p)これらの上限はモディファイア固有であるため、同じステータスに対してあるモディファイアの上限が別のモディファイアとは異なる場合があります。"
        },
		{
            "type": "patchouli:text",
			"title": "モディファイアの適用",
            "text": "モディファイアを適用するには、それぞれのアイテムを手に持ち、$(9)Mobスポナー$()を右クリックするだけです。$(p)変更が成功すると、アイテムは消費されます。$(p)メインアイテムは常に消費されますが、サブアイテムは消費されない場合があります。"
        },
		{
            "type": "patchouli:text",
            "text": "JEIでは、アイテムは特定の手に持たなければならないとされていますが、その必要はありません。$(p)どちらの手でも、アイテムを持っている限り適用できます。"
        }
	]
}