{
    "name": "スポナーステータス",
    "icon": "minecraft:writable_book",
    "category": "apotheosis:spawner/spawner",
	"flag": "apotheosis:spawner",
	"sortnum": 0,
    "pages": [
        {
            "type": "patchouli:text",
            "text": "Mobスポナーには$(9)スポナーステータス$()があり、動作を決定します。$(p)スポーン間隔、スポーンされるモブの数などです。$(p)この章では、それらすべてについて詳しく説明します。"
        },
		{
            "type": "patchouli:text",
			"title": "スポーン遅延",
            "text": "モブスポナーがエンティティをスポーンすると、次のスポーンまでに遅延が発生します。$(p)この遅延は、$(9)最小スポーン遅延$()と$(9)最大スポーン遅延$()の間の乱数です。$(p)最大遅延が最小遅延を下回った場合は、最小遅延が使用されます。"
        },
		{
            "type": "patchouli:text",
			"title": "スポーン数",
            "text": "$(9)スポーン数$() は、一度にスポーンされるMobの数を決定します。$(p)すべてのスポーンが成功するわけではないため、スポーンするエンティティが少なくなる場合があります。$(p)エンティティが1体でもスポーンする限り、スポーンは成功（遅延はリセット）としてカウントされます。"
        },
		{
            "type": "patchouli:text",
			"title": "最大エンティティ",
            "text": "Mobスポナーは近くのエンティティの数を追跡します。$(p)その数が$(9)最大エンティティ$()を超えると、スポーンが停止します。$(p)スポーンしたものと同種類のエンティティのみカウントされます。"
        },
		{
            "type": "patchouli:text",
			"title": "作動範囲",
            "text": "Mobスポナーを動作させるには、近くにプレイヤーがいる必要があります。$(p)スポナーを動作させるには、プレイヤーが$(9)作動範囲$()(ブロック単位の半径)内にいる必要があります。"
        },
		{
            "type": "patchouli:text",
			"title": "スポーン範囲",
            "text": "$(9)スポーン範囲$()は、エンティティがスポーンできる範囲をブロック単位で示したものです。$(p)このエリアがエンティティに適していることを確認してください。そうでない場合、スポーンに失敗することがあります。."
        },
		{
            "type": "patchouli:text",
			"title": "プレイヤーを無視する",
            "text": "$(9)プレイヤーを無視する$()スポナーは、$(9)作動範囲$()内にプレイヤーを必要としません。$(p)いてもいなくても動作します。"
        },
		{
            "type": "patchouli:text",
			"title": "条件を無視する",
            "text": "$(9)条件を無視する$()スポナーは、Mob固有の特定のスポーン条件を必要としません。$(p)これには、動物に必要な草の条件なども含まれます。$(p)必要なのは、十分なスペースと、近くにエンティティがいないことだけです。"
        },
		{
            "type": "patchouli:text",
			"title": "レッドストーンコントロール",
            "text": "$(9)レッドストーンコントロール$()を持つスポナーが動作するには、レッドストーン信号が必要です。$(p)これにより、スポナーがいつ動作するかを制御できます。"
        },
		{
            "type": "patchouli:text",
			"title": "光を無視する",
            "text": "$(9)光を無視する$()スポナーは、どんな光レベルでも機能します。$(p)つまり、Mobが日光の下でもスポーンできます。$(p)すでに$(9)条件を無視する$()が設定されている場合、このモディファイアは何も行いません。"
        },
		{
            "type": "patchouli:text",
			"title": "AIを使わない",
            "text": "$(9)AIを使わない$()を有効にしたスポナーは、AIなしでMobをスポーンします。$(p)通常、このモブは何もせず、ただそこに佇んでいるだけです。$(p)ただし、Apotheosisによって作成されたものは引き続き移動できます。"
        },
		{
            "type": "patchouli:text",
            "text": "大規模なMobモブファームを作るの場合は、常に$(9)AIを使わない$()アップグレードを利用すべきです。$(p)サーバー負荷が大幅に軽減され、Mobのコントロールが簡単になります。"
        }
	]
}