{
    "name": "ボスアイテム",
    "icon": "minecraft:ender_chest",
    "category": "apotheosis:adventure/bosses",
	"flag": "apotheosis:adventure",
	"sortnum": 0,
    "pages": [
        {
            "type": "patchouli:text",
            "text": "すべてのボスには、完全にエンチャントされた装備とともに、1 つの接辞アイテムが与えられます。$(p)この接辞アイテムは死亡時にドロップすることが確定しており、他の接辞戦利品よりも高いレアリティである確率が高くなっています。"
        },
		{
			"type": "patchouli:text",
			"text": "このアイテムだけでもボスを倒したときに獲得できるトロフィーとなり、それだけの価値はあります。$(p)元の所有者の記念として、すべてのボスアイテムにはアイテム名の前にボスの名前が付けられます。"
		}
	]
}