{
    "name": "増幅するボルト",
    "icon": "minecraft:enchanted_book",
    "category": "apotheosis:enchanting/enchantments",
	"flag": "apotheosis:enchanting",
	"sortnum": 1,
    "pages": [
        {
            "type": "patchouli:text",
            "text": "$(2)増幅するボルト$()はクロスボウ用の傑作エンチャントです。$(p)このエンチャントのレベルが上がるごとに、リロード1回につき1発追加の射撃が可能になる。$(p)追加射撃に弾は使用しません。"
        }
	]
}