{
    "name": "氷の棘",
    "icon": "minecraft:enchanted_book",
    "category": "apotheosis:enchanting/enchantments",
	"flag": "apotheosis:enchanting",
	"sortnum": 1,
    "pages": [
        {
            "type": "patchouli:text",
            "text": "$(9)氷の棘$()はチェストプレートのエンチャントです。$(p)相手に移動速度低下を与えます。持続時間と強さはエンチャントのレベルに応じて変化します。$(p)$(9)棘の鎧$()と競合します"
        }
	]
}