{
    "name": "エンチャントの種類",
    "icon": "minecraft:emerald",
    "category": "apotheosis:enchanting/enchantments",
	"flag": "apotheosis:enchanting",
	"sortnum": -1,
    "pages": [
        {
            "type": "patchouli:text",
            "text": "一部のエンチャントには異なる色の名前が付けられていることに気づくかもしれません。$(p)Apotheosisはエンチャントに3つの新しいサブカテゴリーを導入しています。$(p)各サブカテゴリにはいくつかのルールが課されています。"
        },
		{
            "type": "patchouli:text",
			"title": "傑作",
            "text": "$(2)傑作$()エンチャントは最も強力で希少なエンチャントを表します。$(p)受け取るには常に最低でも55の$(fpower)が必要です。"
        },
		{
            "type": "patchouli:text",
			"title": "湾曲",
            "text": "$(5)湾曲$()エンチャントは常に、良い効果と悪い効果を1つずつ持っています。$(p)受け取るには常に最低でも45の$(fpower)が必要です"
        },
		{
            "type": "patchouli:text",
			"title": "破損",
            "text": "$(4)破損$()エンチャントには、その効果に関連した体力コストがあります。$(p)受け取るには常に少なくとも65$(fpower) が必要です。$(p)これらは $(c)呪い$()とみなされます."
        }
	]
}