{
    "name": "エンチャントステータス",
    "icon": "minecraft:bookshelf",
    "category": "apotheosis:enchanting/table",
	"flag": "apotheosis:enchanting",
    "pages": [
        {
            "type": "patchouli:text",
            "text": "Apotheosisでは、エンチャントはレベル以外にも左右されます。$(p)現在、5つの新しいエンチャントステータスがあります。$(p)エンチャントステータスを提供するブロックは、ツールチップにステータスが表示されます。"
        },
		{
			"type": "patchouli:text",
			"title": "エテルナ",
			"text": "$(#00B400)エテルナ$()はエンチャントの主要なステータスです。$(p)$(#00B400)エテルナ$()1点につき最大エンチャントレベルが2上昇します。$(p)ブロックによっては、$(#00B400)エテルナ$()を上限値までしか提供できないものもあります。"
		},
		{
			"type": "patchouli:text",
			"title": "クアンタ",
			"anchor": "quanta",
			"text": "$(#ff0000)クアンタ$()は2次ステータスです。エンチャントの多様性を制御します。$(p)エンチャント時には、$(bpower)がエンチャント時に使ったレベルになり、次に$(fpower)が全ての修正後となります。$(p)$(#ff0000)クアンタ$()は修正過程の要因のひとつです。"
		},
		{
			"type": "patchouli:text",
			"text": "$(4)1-クアンタ$()から$(9)1+クアンタ$()の間の値が選ばれます。$(p) $(fpower)はその値に$(bpower)をかけたものになります。$(p)$(#ff0000)クアンタ$()の値が高いほど出力幅が広がるので、エンチャントの$(fpower)が安定しなくなります。"
		},
		{
			"type": "patchouli:text",
			"title": "アルカナ",
			"text": "$(#ff00ff)アルカナ$()は2次ステータスです。これはレアリティの比重を制御し、あるしきい値で追加のエンチャントが得られることを保証します。$(#ff00ff)アルカナ$()が25％の場合、最低でも2つのエンチャントを獲得出来ます。75%の場合、必ず3つ獲得できます。"
		},
		{
			"type": "patchouli:text",
			"text": "デフォルトでは、レアリティには次の比率があります。:$(p)コモン: 10$(br)アンコモン: 5$(br)レア: 3$(br)ベリーレア: 1$(p)$(#ff00ff)アルカナ$()が10%ごとに比率が変化し、最終的には完全に反転します。$(p)$(#ff00ff)アルカナ$()バーにカーソルを置くと、現在の比率が表示されます。"
		},
		{
			"type": "patchouli:text",
			"title": "修正",
			"anchor": "rectification",
			"text": "修正は3次ステータスです。 これは、$(#ff0000)クアンタ$()修正の下限に直接影響します。$(p)あなたの$(4)Min Power$()は$(4)1-クアンタ$()となることを思い出してください。$(p)修正(R)を使えば、$(4)Min Power$()は$(4)1-(1-R)*クアンタ$()となります。"
		},
		{
			"type": "patchouli:text",
			"text": "意味が分からなくても、特に気にする必要はありません。$(p)ただ、修正値が高ければ高いほど良いということだけは知っておいてください。$(p)マイナスの修正もありますが、これは必ず悪い結果になります。"
		},
		{
			"type": "patchouli:text",
			"title": "可能性",
			"text": "可能性は別の3次ステータスです。$(p)各可能性は、プレビューウィンドウで追加の項目を1つ表示できます。$(p)使用可能なエンチャントがすべて見えるようになると、テキストが少し変わります。"
		},
		{
			"type": "patchouli:text",
			"text": "可能性がゼロになり、何も見えなくなることもあります。"
		}
	]
}