{
    "name": "残忍なスポナー",
    "icon": "minecraft:zombie_head",
    "category": "apotheosis:adventure/rogue_spawners",
	"flag": "apotheosis:adventure",
	"sortnum": 0,
    "pages": [
        {
            "type": "patchouli:text",
            "text": "残忍なスポナーは悪党のスポナーの亜種で、通常よりも強いモブをスポーンします。$(p)これらのモブは通常のMobより体力、防御力、攻撃力が高く、火耐性があります。"
        },
		{
            "type": "patchouli:text",
            "text": "唯一の利点は、このスポナーは増援を召喚するまでにかなりの遅延があることです。"
        }
	]
}