{
    "name": "ポーションチャーム",
	"parent": "apotheosis:potion/potion",
    "description": "このセクションでは、$(9)ポーションチャーム$()と、その使い方や細かな違いについて詳しく説明します。$(p)他の項目が無効化されていたり、一部のMODがインストールされていない場合、この項目は少々空白になるかもしれません。",
    "icon": "apotheosis:potion_charm",
	"flag": "apotheosis:potion",
	"sortnum": 1
}