{
    "name": "接辞",
    "icon": "minecraft:experience_bottle",
    "category": "apotheosis:adventure/affix_loot",
	"flag": "apotheosis:adventure",
	"sortnum": 0,
    "pages": [
        {
            "type": "patchouli:text",
            "text": "$(6)接辞$()は接辞アイテムの原動力です。各接辞はエンチャントに非常に似ており、それが付けられたアイテムに特定のボーナスを与えます。$(p)この本では、すべての接辞をリストアップすることはしませんが、接辞の説明には役立ちます。"
        },
		{
			"type": "patchouli:text",
			"title": "接辞の種類",
			"text": "接辞にはいくつかの種類があり、それぞれ固有の機能を備えています。$(p)アイテムにどのような種類のアフィックスが適用されるかは、アイテムの$(l:apotheosis:adventure/affix_loot/rarities)レアリティ$()に依存します。"
		},
		{
			"type": "patchouli:text",
			"title": "状態接辞",
			"text": "最も一般的な接辞の種類は、状態接辞です。これらの接辞は、特定の属性に単純なボーナスを与えるもので、すべてのレアリティで使用可能です。より高いレアリティには追加の能力が付与されます。"
		},
		{
			"type": "patchouli:text",
			"title": "エフェクト接辞",
			"text": "エフェクト接辞は接辞の中で最も面白い種類です。単純な実用性ボーナスから強力な戦闘効果まで、あらゆる種類の追加機能をアイテムに加えることができます。$(p)これらはレア以上のアイテムにしかありません。"
		},
		{
			"type": "patchouli:text",
			"title": "ソケット",
			"text": "ソケットは、$(l:apotheosis:adventure/affix_loot/gems)ジェム$()を入れる器を提供する特別なタイプの接辞です。$(p)ジェムは素晴らしいボーナスをもたらしてくれますが、見つけるのは難しいかもしれません。"
		},
		{
			"type": "patchouli:text",
			"title": "耐久接辞",
			"text": "耐久接辞はアイテムにダメージを受けにくくするもので、すべてのレア以上のアイテムに存在します。$(p)これは他のすべてのダメージ耐性の後に適用されるため、耐久力と相乗効果を発揮します。"
		}
	]
}