{
    "name": "補強",
    "icon": "apotheosis:augmenting_table",
    "category": "apotheosis:adventure/affix_loot",
    "flag": "apotheosis:adventure",
    "sortnum": 5,
    "pages": [
        {
            "type": "patchouli:text",
            "text": "$(9)補強台$()は、アイテムの各接辞を補強するために使用される終盤用の作業台です$(p)この機能を使って、1つの接辞をアップグレードしたり、再転写したりすることができます。"
        },
        {
            "type": "patchouli:crafting",
            "recipe": "apotheosis:augmenting_table",
            "title": "補強テーブル",
            "text": "補強テーブルを作成するには、$(9)エンチャントテーブル$()を土台として、$(9)ネザースター$()のエネルギーを2つの$(9)神造真珠$()に注ぐ必要があります。"
        },
        {
            "type": "patchouli:text",
            "title": "入力スロット",
            "text": "補強テーブルには2つの入力スロットがあります。$(p)上のスロットには補強したいアイテムを入れますが、必ず接辞付きアイテムでなければなりません。$(p)通常、$(#ED7014)ミスティック$()レアリティのアイテムのみを強化する必要がありますが、$(#BB00BB)エピック$()レアリティのアイテムも同様に強化することを検討してみても良いでしょう。"
        },
        {
            "type": "patchouli:crafting",
            "recipe": "apotheosis:sigil_of_enhancement",
            "title": "入力スロット",
            "text": "下のスロットには、強化のための燃料となる$(9)強化の紋章$()を入れます。$(p)最後に、ドロップダウンメニューから希望する接辞を選択する必要があります。"
        },
        {
            "type": "patchouli:text",
            "title": "アップグレード",
            "text": "補強テーブルで実行できる最初の操作は、接辞のアップグレードです。$(p)これは$(9)強化の紋章$()を2つ消費し、現在の能力の強さを25％向上させます。$(p)どの程度の効果をもたらすかは、接辞によって異なります。"
        },
        {
            "type": "patchouli:text",
            "title": "再転写",
            "text": "補強テーブルの2つ目の操作は、接尾辞の再転写です。$(p)これは$(9)強化の紋章$()を1つ消費し、選択した接辞を同じ種類の他の接辞と交換します。$(p)選択肢は左側に表示されます。"
        }
    ]
}