{
    "name": "宝石の粉",
    "icon": "apotheosis:gem_dust",
    "category": "apotheosis:adventure/affix_loot",
	"flag": "apotheosis:adventure",
	"sortnum": 2,
    "pages": [
		{
            "type": "patchouli:spotlight",
			"item": "apotheosis:gem_dust",
			"link_recipe": true,
            "title": "宝石の粉",
            "text": "すべてのApothicの宝石は、破砕することで$(br)$(9)宝石の粉$()にすることができます。$(p)もう一つの方法は、金床で砕くことです。"
        },
		{
            "type": "patchouli:crafting",
			"recipe": "apotheosis:salvaging_table",
			"title": "宝石の回収",
            "text": "金床で宝石を何個か砕いたら、代わりに$(9)回収テーブル$()を作って使うことができる。"
        }
	]
}