{
    "name": "宝石",
    "icon": "apotheosis:gem",
    "category": "apotheosis:adventure/affix_loot",
	"flag": "apotheosis:adventure",
	"sortnum": 1,
    "pages": [
        {
            "type": "patchouli:text",
            "text": "$(9)宝石$()は、力が凝縮された結晶です。$(p)宝石を接辞アイテムに装着すると、強力なボーナスが得られます。$(p)宝石はアイテムによって異なるボーナスを与え、アップグレードすることもできます。"
        },
		{
			"title": "レアリティ",
            "type": "patchouli:text",
            "text": "接辞アイテムと同様に、各宝石には$(l:apotheosis:adventure/affix_loot/rarities)レアリティ$()があります。$(p)レアリティによって宝石の強さが決まり、レアリティの高い宝石ほどアップグレードに費用がかかります。$(p)宝石はエンシェントレアリティ以上にアップグレードすることはできません。"
        },
		{
			"type": "patchouli:text",
			"title": "宝石の入手方法",
			"text": "宝石はチェストの戦利品で見つけることができるほか、まれにMobを倒したときに見つかることもあります。 ただし、宝石をドロップするためには、殺したのが機械や他の自動化要因ではなく、本物のプレイヤーでなければなりません$(p)宝石はボスからドロップする可能性が高くなります。"
		},
		{
			"type": "patchouli:text",
			"title": "宝石をはめる",
			"text": "宝石をアイテムにはめ込むには、2つを 鍛冶台で組み合わせます。$(p)各宝石の説明には、どのアイテムに装着できるかが記載されています。$(p)一部の宝石は$(#C73912)特殊$()であり、その宝石は1つのアイテムに1つしか入れることができません。"
		},
		{
			"type": "patchouli:text",
			"title": "宝石の除去",
			"text": "アイテムから宝石を取り除くのは難しい作業ですが、賢い錬金術師たちがその方法を発見しました。$(p)彼らの注意事項は次のページに詳述します。"
		},
		{
            "type": "patchouli:crafting",
			"recipe": "apotheosis:sigil_of_withdrawal",
			"title": "撤回の紋章",
			"text": "鍛冶台ではめ込み済みアイテムと$(9)撤回の紋章$()を組み合わせると、アイテムからはめ込んだ宝石を取り除くことができます。 アイテムとすべての宝石は返却されます。"
		}
	]
}