{
    "name": "レアリティ",
    "icon": "minecraft:nether_star",
    "category": "apotheosis:adventure/affix_loot",
	"flag": "apotheosis:adventure",
	"sortnum": 0,
    "pages": [
        {
            "type": "patchouli:text",
            "text": "全ての接辞アイテムには$(9)レアリティ$()が設定されています。アイテムのレアリティによって、そのアイテムの性能とどの接辞が適用されるかが決まります。$(p)レアリティが高いほど強力です。"
        },
		{
			"type": "patchouli:text",
			"title": "コモン",
			"text": "$(#808080)コモン$()アイテムは接辞アイテムの最も基本的なタイプです。それぞれのボーナスは必ず1つで、2つ目を得る確率はほとんどありません。"
		},
		{
			"type": "patchouli:text",
			"title": "アンコモン",
			"text": "$(#33FF33)アンコモン$()アイテムはコモンよりワンランク上のアイテムですが、それでもユニークな効果は得られません。このアイテムは常に2つのボーナスを持ち、3つ目のボーナスを受けることもあります。$(p) ソケットを1つ得ることもあります。"
		},
		{
			"type": "patchouli:text",
			"title": "レア",
			"text": "$(#5555FF)レア$()アイテムからは、接辞が輝き始めます。これらのアイテムは3つのボーナスと特殊効果を持ち、2つ目の効果を受けることもあります。$(p)また、ソケットを得ることもあり、常に少しの耐久力ボーナスを持ちます。"
		},
		{
			"type": "patchouli:text",
			"title": "エピック",
			"text": "$(#BB00BB)エピック$()アイテムは偉大さの頂点にあります。これらは3つのステータスと効果を持ち、4つ目のステータスと2つ目の効果を受けることもあります。$(p)また、ソケットを2つまで持ち、より強力な耐久力ボーナスを持ちます。"
		},
		{
			"type": "patchouli:text",
			"title": "ミスティック",
			"text": "$(#ED7014)ミスティック$()アイテムは、強大な力を持つ失われた存在によって作り出されました。これらは4つのステータスと2つの効果を持ち、3つ目の効果と3つのソケットを持つこともあります。$(p)さらに、かなりの耐久性ボーナスも付いてきます。"
		}
	]
}