{
    "name": "再鍛造",
    "icon": "apotheosis:reforging_table",
    "category": "apotheosis:adventure/affix_loot",
	"flag": "apotheosis:adventure",
	"sortnum": 4,
    "pages": [
		{
            "type": "patchouli:text",
            "text": "$(9)レアリティマテリアル$()と$(9)宝石の粉$()の組み合わせることで、新たな接辞アイテムを再鍛造することができます。$(p)再鍛造は既に接辞を持っているアイテムに限らず、有効なアイテムであれば何にでも行うことができます。"
        },
		{
            "type": "patchouli:crafting",
			"recipe": "apotheosis:simple_reforging_table",
			"title": "簡易再鍛造テーブル",
			"text": "再鍛造を始めるには、$(#5555FF)簡易再鍛造テーブル$()を作成します、これにより、$(#5555FF)レア$()までのレアリティのアイテムが再鍛造可能になります。"
		},
		{
            "type": "patchouli:text",
			"title": "入力スロット",
			"text": "再鍛造テーブルには3つの入力スロットがあります。$(p)中央のスロットには再鍛造したいアイテムを入れます。$(p)左上のスロットには、再鍛造したいレアリティの$(9)レアリティマテリアル$()を入れます。"
        },
		{
            "type": "patchouli:crafting",
            "recipe": "apotheosis:sigil_of_rebirth",
			"title": "入力スロット",
			"text": "右下のスロットには$(9)再誕の紋章$()を入れることがます。これは再鍛造の際に使用するユニークな燃料アイテムです。"
        },
		{
            "type": "patchouli:text",
			"title": "再鍛造",
			"text": "エンチャントテーブルと同様に、再鍛造の際には3つの選択肢が表示されます。$(p)それぞれの選択肢は、再鍛造されるアイテムの新しい姿の可能性を表しています。$(p)どの選択肢も、他と比べて特別強いということはありません。"
        },
		{
			"type": "patchouli:text",
			"title": "再鍛造",
			"text": "レアリティごとに、経験値、紋章、素材の基本コストがあります。追加の選択肢枠は基本料金の2倍、3倍を要求します。$(p)アイテムを再鍛造するには、希望する選択肢をクリックするだけです。"
		},
        {
            "type": "patchouli:crafting",
			"recipe": "apotheosis:reforging_table",
			"title": "再鍛造テーブル",
			"text": "レアリティが$(#BB00BB)エピック$()以上のアイテムを再鍛造するには、$(#5555FF)簡易再鍛造テーブル$()を$(#BB00BB)再鍛造テーブル$()にアップグレードする必要があります。"
		},
		{
			"type": "patchouli:text",
			"title": "注意事項",
			"text": "まだ接辞のないアイテムは再鍛造が可能です。$(p)アイテムは何度も再鍛造できます。$(p)Modpackでは特定のレアリティのコストを変更したり、再鍛造をできなくしたりすることができます。"
		}
	]
}