{
    "name": "クモの巣",
    "icon": "minecraft:cobweb",
    "category": "apotheosis:enchanting/utility",
	"flag": "apotheosis:enchanting",
	"sortnum": 5,
    "pages": [
        {
            "type": "patchouli:text",
            "text": "クモの巣は金床のアイテムと組み合わせると、全てのエンチャントを取り除くことができます。$(p)プリズマリン化したクモの巣を金床のアイテムと組み合わせると、すべての呪いを取り除くことができます。"
        },
		{
            "type": "patchouli:crafting",
			"recipe": "apotheosis:cobweb",
			"recipe2": "apotheosis:prismatic_web"
		}
	]
}