{
    "name": "エンダーリード",
    "icon": "apotheosis:ender_lead",
    "category": "apotheosis:garden/garden",
	"flag": "apotheosis:garden",
	"sortnum": 1,
    "pages": [
        {
            "type": "patchouli:text",
            "text": "エンダーリードは家畜を捕獲できるアイテムです。$(p)動物をリードでパンチして捕まえ、右クリックして放します。$(p)家畜は通常、飼育できるものだけです。"
        },
		{
            "type": "patchouli:crafting",
			"recipe": "apotheosis:ender_lead",
			"text": ""
		}
	]
}