{
    "name": "ダメージ軽減",
    "icon": "minecraft:netherite_chestplate",
    "category": "apotheosis:enchanting/changes",
	"flag": "apotheosis:enchanting",
	"sortnum": 1,
    "pages": [
		{
            "type": "patchouli:text",
            "text": "$(9)ダメージ軽減$()はダメージ軽減と他種類が競合しなくなりました。$(p)これは$(9)ダメージ軽減$()と、通常は競合する他の防御エンチャントを1つ持つことが可能になったことを意味します。"
        },
        {
            "type": "patchouli:text",
            "text": "これを考慮して、ダメージ軽減エンチャントの効果は多少修正されています。$(p)その仕組みを理解するには、ダメージ軽減の仕組みと計算方法を少し学ぶ必要があります。$(p)まず最初に、すべての防御エンチャントが恩恵を受けるステータスであるダメージ軽減（DR）ポイントの概念を紹介します。"
        },
        {
            "type": "patchouli:text",
            "text": "$(9)ダメージ軽減$()のエンチャントは、すべてのダメージタイプに対して1点のダメージを軽減します。$(p)特化型エンチャントは、特定のタイプに対して2点を提供します。$(p)$(9)落下耐性$()は落下ダメージに対して3点を提供します。"
        },
		{
            "type": "patchouli:text",
            "text": "Apotheosisでは、ダメージ軽減が1ポイントにつき2.5%、最大85%まで軽減されます。$(p)バニラでは、ダメージ軽減が1ポイントにつき4％、最大80％まで軽減できます。"
        }
	]
}