{
    "name": "出血",
    "icon": "attributeslib:textures/mob_effect/bleeding.png",
    "category": "apotheosis:potion/effects",
	"flag": "apotheosis:potion",
	"sortnum": 1,
    "pages": [
        {
            "type": "patchouli:text",
            "text": "$(c)出血$() はブロードヘッドアロー$()によって適用されるマイナス効果です。$(p)2秒ごとにダメージを受けます。"
        },
		{
            "type": "patchouli:text",
            "text": "$(c)出血$()のレベルに応じてダメージが増加します。$(p)$(c)出血$()のダメージは防御を貫通します。"
        }
	]
}